epoch,time,train/box_loss,train/cls_loss,train/dfl_loss,metrics/precision(B),metrics/recall(B),metrics/mAP50(B),metrics/mAP50-95(B),val/box_loss,val/cls_loss,val/dfl_loss,lr/pg0,lr/pg1,lr/pg2
1,181.047,1.38105,1.25986,1.39629,0.72254,0.48357,0.55789,0.32113,1.46791,4.268,1.52994,3.32923e-05,3.32923e-05,0.066741
2,366.799,1.323,1.16728,1.35332,0.74751,0.63354,0.68647,0.41701,1.24256,8.58302,1.31166,6.5966e-05,6.5966e-05,0.0334404
3,549.983,1.27765,1.09822,1.32387,0.87588,0.74179,0.83387,0.5313,1.08421,2.30136,1.15082,9.79798e-05,9.79798e-05,0.000139031
4,732.638,1.25771,1.07173,1.31025,0.87686,0.74219,0.8344,0.53556,1.07286,2.12767,1.14641,9.703e-05,9.703e-05,9.703e-05
5,908.635,1.24849,1.06794,1.30459,0.87683,0.74509,0.8369,0.53788,1.07063,2.44586,1.14228,9.604e-05,9.604e-05,9.604e-05
6,1074.61,1.25202,1.06228,1.309,0.87974,0.74806,0.83898,0.54296,1.06078,2.28242,1.13786,9.505e-05,9.505e-05,9.505e-05
7,1240.77,1.24877,1.06056,1.30266,0.87888,0.74995,0.84078,0.54317,1.06299,2.10275,1.13731,9.406e-05,9.406e-05,9.406e-05
8,1405.43,1.25233,1.06333,1.30612,0.88011,0.75096,0.84086,0.54526,1.05653,2.17499,1.13655,9.307e-05,9.307e-05,9.307e-05
9,1570.67,1.24077,1.0585,1.30526,0.87891,0.7494,0.84002,0.54677,1.04956,2.47322,1.13391,9.208e-05,9.208e-05,9.208e-05
10,1736,1.24923,1.05291,1.30232,0.88334,0.75075,0.84302,0.54642,1.05617,1.98045,1.13383,9.109e-05,9.109e-05,9.109e-05
11,1901.34,1.24435,1.05237,1.30118,0.88124,0.75051,0.84098,0.54626,1.05141,2.1791,1.13276,9.01e-05,9.01e-05,9.01e-05
12,2084.76,1.2385,1.04574,1.2998,0.88287,0.75192,0.8424,0.54721,1.051,2.28874,1.12995,8.911e-05,8.911e-05,8.911e-05
13,2270.82,1.23904,1.04922,1.30032,0.88187,0.7523,0.84269,0.55124,1.04233,2.31067,1.12963,8.812e-05,8.812e-05,8.812e-05
14,2456.42,1.23392,1.04178,1.29412,0.88391,0.75195,0.84314,0.55111,1.04093,2.26752,1.12606,8.713e-05,8.713e-05,8.713e-05
15,2638.46,1.23506,1.04595,1.29639,0.88488,0.75278,0.84431,0.55047,1.04577,2.06339,1.12798,8.614e-05,8.614e-05,8.614e-05
16,2820.1,1.22726,1.03274,1.28938,0.88139,0.7558,0.84391,0.54977,1.04612,2.38123,1.12601,8.515e-05,8.515e-05,8.515e-05
17,3002.19,1.23055,1.03498,1.29314,0.88656,0.75398,0.84466,0.55166,1.04279,2.11987,1.12312,8.416e-05,8.416e-05,8.416e-05
18,3169.76,1.23394,1.03278,1.29212,0.88473,0.75485,0.84578,0.55335,1.03911,2.1754,1.12178,8.317e-05,8.317e-05,8.317e-05
19,3337.18,1.23532,1.04174,1.29446,0.88453,0.75401,0.84487,0.55301,1.03838,2.19843,1.12236,8.218e-05,8.218e-05,8.218e-05
20,3504.48,1.22856,1.02755,1.28827,0.8825,0.75529,0.84521,0.55505,1.0345,1.90929,1.12035,8.119e-05,8.119e-05,8.119e-05
21,3685.86,1.23024,1.03484,1.29345,0.88599,0.75493,0.8463,0.55549,1.03334,2.22737,1.11745,8.02e-05,8.02e-05,8.02e-05
22,3871.38,1.23156,1.03709,1.29456,0.88632,0.75548,0.84621,0.55715,1.03042,2.15918,1.11788,7.921e-05,7.921e-05,7.921e-05
23,4056.16,1.22973,1.03446,1.29159,0.88668,0.75666,0.84724,0.55728,1.03109,2.08107,1.11689,7.822e-05,7.822e-05,7.822e-05
24,4238.88,1.22775,1.03256,1.29058,0.88666,0.75655,0.8467,0.55715,1.02975,2.04958,1.11676,7.723e-05,7.723e-05,7.723e-05
25,4405,1.22309,1.02684,1.2879,0.8869,0.75696,0.84728,0.55693,1.03138,2.14265,1.11729,7.624e-05,7.624e-05,7.624e-05
26,4570.76,1.22659,1.02829,1.28934,0.88764,0.75756,0.8482,0.55871,1.02729,2.03167,1.11499,7.525e-05,7.525e-05,7.525e-05
27,4736.81,1.22852,1.03284,1.29027,0.88842,0.75732,0.84806,0.5578,1.03001,2.01203,1.11507,7.426e-05,7.426e-05,7.426e-05
28,4902.97,1.21613,1.02234,1.28514,0.88746,0.7576,0.84846,0.55874,1.02676,2.04009,1.11327,7.327e-05,7.327e-05,7.327e-05
29,5069.01,1.22326,1.02923,1.29037,0.88733,0.7587,0.84867,0.55963,1.02569,2.06364,1.11353,7.228e-05,7.228e-05,7.228e-05
30,5244.45,1.22162,1.02522,1.28611,0.88793,0.7586,0.84903,0.55971,1.02562,2.04964,1.11386,7.129e-05,7.129e-05,7.129e-05
31,5414.94,1.22328,1.02723,1.28873,0.88845,0.75961,0.84924,0.56045,1.02458,1.96096,1.11353,7.03e-05,7.03e-05,7.03e-05
32,5585.92,1.22225,1.02863,1.29019,0.88949,0.75884,0.84927,0.56081,1.02415,1.98451,1.11284,6.931e-05,6.931e-05,6.931e-05
33,5756.97,1.21935,1.02437,1.28728,0.88839,0.7592,0.84979,0.56167,1.0218,1.98834,1.11211,6.832e-05,6.832e-05,6.832e-05
34,5942.01,1.22438,1.02705,1.28834,0.88863,0.75914,0.84982,0.56197,1.02177,2.02101,1.11175,6.733e-05,6.733e-05,6.733e-05
35,6127.87,1.22251,1.0243,1.28649,0.89001,0.75871,0.84996,0.56221,1.02083,2.01889,1.11108,6.634e-05,6.634e-05,6.634e-05
36,6313.58,1.2232,1.02748,1.28733,0.88941,0.75948,0.84998,0.56236,1.02006,2.02877,1.11052,6.535e-05,6.535e-05,6.535e-05
37,6485.99,1.22043,1.02208,1.28522,0.88907,0.75925,0.85009,0.56245,1.01941,2.01578,1.11011,6.436e-05,6.436e-05,6.436e-05
38,6653.5,1.21491,1.01361,1.283,0.88912,0.75982,0.85032,0.56301,1.01859,2.00107,1.10968,6.337e-05,6.337e-05,6.337e-05
39,6821.27,1.21972,1.0248,1.28512,0.88904,0.75989,0.85039,0.56334,1.01779,2.00071,1.10927,6.238e-05,6.238e-05,6.238e-05
40,6988.79,1.21988,1.01787,1.28111,0.88826,0.76097,0.85058,0.56347,1.01737,2.00293,1.1088,6.139e-05,6.139e-05,6.139e-05
41,7156.37,1.21512,1.02099,1.28732,0.88882,0.76074,0.85057,0.56368,1.01702,2.01917,1.10863,6.04e-05,6.04e-05,6.04e-05
42,7323.61,1.2167,1.02013,1.28498,0.88837,0.76088,0.85071,0.56409,1.01619,2.00661,1.10824,5.941e-05,5.941e-05,5.941e-05
43,7491.23,1.21557,1.01233,1.28361,0.88843,0.76103,0.85064,0.5643,1.01574,2.00261,1.10804,5.842e-05,5.842e-05,5.842e-05
44,7658.76,1.2151,1.01349,1.28095,0.8872,0.76193,0.85073,0.56464,1.01543,1.99742,1.10798,5.743e-05,5.743e-05,5.743e-05
45,7826.37,1.22122,1.01985,1.28874,0.88747,0.76233,0.85101,0.56488,1.01494,1.97652,1.10776,5.644e-05,5.644e-05,5.644e-05
46,7993.78,1.22292,1.02045,1.28619,0.88771,0.76272,0.85121,0.56499,1.01469,1.9718,1.10757,5.545e-05,5.545e-05,5.545e-05
47,8161.42,1.21519,1.01157,1.28315,0.88794,0.7629,0.85133,0.56521,1.01439,1.97962,1.10743,5.446e-05,5.446e-05,5.446e-05
48,8329.29,1.21432,1.01035,1.28163,0.88772,0.76348,0.85148,0.5655,1.01373,1.97846,1.10707,5.347e-05,5.347e-05,5.347e-05
49,8497.19,1.21347,1.00846,1.28265,0.8878,0.7633,0.85147,0.56565,1.01332,1.97067,1.10687,5.248e-05,5.248e-05,5.248e-05
50,8665.08,1.21571,1.0171,1.28375,0.88838,0.7635,0.85169,0.56567,1.01302,1.96424,1.10662,5.149e-05,5.149e-05,5.149e-05
51,8833.52,1.21844,1.01713,1.28384,0.88873,0.76322,0.85171,0.56591,1.01271,1.96133,1.10637,5.05e-05,5.05e-05,5.05e-05
52,9001.63,1.21288,1.00917,1.27802,0.88891,0.7633,0.85175,0.566,1.01234,1.96198,1.10623,4.951e-05,4.951e-05,4.951e-05
53,9169.48,1.21644,1.01531,1.28371,0.88851,0.76352,0.85177,0.56616,1.01199,1.95662,1.10603,4.852e-05,4.852e-05,4.852e-05
54,9337.17,1.21149,1.01594,1.28172,0.88857,0.76347,0.85184,0.56643,1.0116,1.9529,1.10585,4.753e-05,4.753e-05,4.753e-05
55,9505.61,1.21011,1.00929,1.28383,0.88904,0.7635,0.85198,0.56659,1.01123,1.95316,1.10563,4.654e-05,4.654e-05,4.654e-05
56,9673.1,1.20867,1.00695,1.27793,0.88839,0.76386,0.85213,0.56679,1.01097,1.95569,1.1055,4.555e-05,4.555e-05,4.555e-05
57,9840.93,1.2106,1.01366,1.28246,0.88857,0.76395,0.85212,0.56682,1.01071,1.94966,1.10537,4.456e-05,4.456e-05,4.456e-05
58,10008.6,1.21091,1.00814,1.27867,0.88885,0.76392,0.85215,0.56706,1.01032,1.94207,1.10525,4.357e-05,4.357e-05,4.357e-05
59,10176.3,1.20627,1.01148,1.27922,0.8883,0.76412,0.8522,0.56731,1.00975,1.939,1.10512,4.258e-05,4.258e-05,4.258e-05
60,10343.7,1.21345,1.01189,1.28257,0.88844,0.76424,0.85239,0.56753,1.00933,1.92053,1.10493,4.159e-05,4.159e-05,4.159e-05
61,10511.4,1.21298,1.00829,1.27862,0.88903,0.76392,0.85249,0.56773,1.00892,1.90592,1.10477,4.06e-05,4.06e-05,4.06e-05
62,10679.4,1.20852,1.0094,1.28022,0.88925,0.76388,0.85263,0.56805,1.00837,1.88791,1.10448,3.961e-05,3.961e-05,3.961e-05
63,10848,1.20989,1.00706,1.27909,0.88941,0.76397,0.85282,0.56821,1.00787,1.87908,1.10424,3.862e-05,3.862e-05,3.862e-05
64,11019.1,1.21377,1.01019,1.28178,0.8899,0.76353,0.8528,0.56839,1.00741,1.87019,1.10394,3.763e-05,3.763e-05,3.763e-05
65,11194.9,1.21339,1.01338,1.28346,0.89022,0.76312,0.85286,0.56866,1.00698,1.86386,1.10385,3.664e-05,3.664e-05,3.664e-05
66,11376.6,1.20914,1.00756,1.27968,0.89021,0.76308,0.8529,0.56879,1.00658,1.8644,1.10375,3.565e-05,3.565e-05,3.565e-05
67,11560.4,1.20358,1.00617,1.27603,0.89001,0.76333,0.85286,0.56899,1.00612,1.85556,1.10354,3.466e-05,3.466e-05,3.466e-05
68,11743.5,1.21282,1.01201,1.28064,0.88982,0.76366,0.85297,0.5691,1.00576,1.8526,1.10345,3.367e-05,3.367e-05,3.367e-05
69,11926.1,1.21738,1.01616,1.28372,0.8912,0.76298,0.85302,0.56926,1.00545,1.85246,1.10328,3.268e-05,3.268e-05,3.268e-05
70,12115.2,1.20404,1.00479,1.27837,0.89145,0.76325,0.85316,0.56946,1.00518,1.84805,1.10305,3.169e-05,3.169e-05,3.169e-05
71,12303.1,1.20945,1.00732,1.27858,0.8914,0.76305,0.85316,0.56958,1.00495,1.83947,1.10297,3.07e-05,3.07e-05,3.07e-05
72,12492.3,1.20808,1.00936,1.27856,0.89177,0.7631,0.8532,0.56971,1.00453,1.82054,1.10277,2.971e-05,2.971e-05,2.971e-05
73,12668.8,1.20351,1.00517,1.2765,0.89153,0.76338,0.85334,0.56988,1.00415,1.8037,1.1026,2.872e-05,2.872e-05,2.872e-05
74,12832,1.21489,1.01258,1.28184,0.89234,0.76318,0.85338,0.57006,1.00388,1.77991,1.10255,2.773e-05,2.773e-05,2.773e-05
75,12995.5,1.20936,1.00803,1.2779,0.89185,0.76339,0.85336,0.57017,1.00348,1.76302,1.10243,2.674e-05,2.674e-05,2.674e-05
76,13160.7,1.20864,1.00735,1.28012,0.89176,0.76333,0.85342,0.57021,1.00319,1.75272,1.10235,2.575e-05,2.575e-05,2.575e-05
77,13324.6,1.2031,1.00401,1.27804,0.89196,0.76359,0.85356,0.57045,1.00278,1.74798,1.10211,2.476e-05,2.476e-05,2.476e-05
78,13487.5,1.2103,1.00812,1.28021,0.89195,0.76366,0.85369,0.5706,1.00243,1.73883,1.10186,2.377e-05,2.377e-05,2.377e-05
79,13650.7,1.2081,1.00806,1.2799,0.89307,0.76277,0.8536,0.57078,1.00215,1.73085,1.10177,2.278e-05,2.278e-05,2.278e-05
80,13815.3,1.2072,1.00601,1.27817,0.89295,0.76307,0.85365,0.57083,1.00196,1.72981,1.10174,2.179e-05,2.179e-05,2.179e-05
81,13982,1.20602,1.00394,1.27749,0.89254,0.76313,0.85371,0.57094,1.00177,1.71255,1.10158,2.08e-05,2.08e-05,2.08e-05
82,14145.7,1.20409,1.00468,1.27672,0.89265,0.76326,0.85373,0.57113,1.00134,1.70476,1.10141,1.981e-05,1.981e-05,1.981e-05
83,14309.4,1.20464,1.00663,1.27769,0.89221,0.76395,0.85382,0.57144,1.00091,1.70044,1.10121,1.882e-05,1.882e-05,1.882e-05
84,14473.4,1.20377,1.00417,1.27786,0.89219,0.76372,0.85401,0.5716,1.00069,1.68766,1.10119,1.783e-05,1.783e-05,1.783e-05
85,14638.6,1.20311,1.00052,1.27606,0.89274,0.76342,0.85389,0.57175,1.00038,1.67654,1.10102,1.684e-05,1.684e-05,1.684e-05
86,14804.3,1.20582,1.00908,1.27968,0.89264,0.76348,0.85398,0.57172,1.00032,1.66806,1.10105,1.585e-05,1.585e-05,1.585e-05
87,14971.1,1.20299,1.00111,1.27565,0.89278,0.76333,0.85408,0.57186,1.00022,1.66231,1.10093,1.486e-05,1.486e-05,1.486e-05
88,15135.9,1.20414,1.00555,1.27858,0.8923,0.76383,0.85404,0.57182,1.00003,1.65053,1.10087,1.387e-05,1.387e-05,1.387e-05
89,15301.3,1.2053,0.99921,1.27607,0.8925,0.76376,0.85414,0.57199,0.99992,1.63606,1.10082,1.288e-05,1.288e-05,1.288e-05
90,15467,1.20104,0.99222,1.27255,0.89229,0.76385,0.8541,0.57209,0.99975,1.62513,1.10079,1.189e-05,1.189e-05,1.189e-05
91,15653.2,1.1495,0.88805,1.26471,0.89095,0.7649,0.854,0.5721,0.99996,1.61797,1.10102,1.09e-05,1.09e-05,1.09e-05
92,15817.9,1.14107,0.84662,1.26229,0.89111,0.76447,0.85391,0.57194,1.00007,1.6153,1.10108,9.91e-06,9.91e-06,9.91e-06
93,15979.3,1.13438,0.83433,1.25557,0.89135,0.7641,0.85382,0.57189,0.99998,1.61014,1.10103,8.92e-06,8.92e-06,8.92e-06
94,16140.7,1.13183,0.8337,1.25588,0.89138,0.76395,0.85366,0.57175,0.99975,1.60208,1.10091,7.93e-06,7.93e-06,7.93e-06
95,16302.7,1.12856,0.82433,1.25247,0.89131,0.76372,0.85364,0.5718,0.99952,1.601,1.10081,6.94e-06,6.94e-06,6.94e-06
96,16463.3,1.1272,0.82146,1.25251,0.89205,0.76305,0.85367,0.57175,0.99943,1.59878,1.10067,5.95e-06,5.95e-06,5.95e-06
97,16624.2,1.12519,0.81901,1.25062,0.89187,0.76273,0.8536,0.57178,0.99923,1.603,1.10061,4.96e-06,4.96e-06,4.96e-06
98,16789.5,1.13092,0.8233,1.25388,0.89243,0.76232,0.85365,0.5717,0.99907,1.60937,1.10048,3.97e-06,3.97e-06,3.97e-06
99,16951.2,1.12563,0.82084,1.25332,0.89187,0.76234,0.85358,0.57162,0.99892,1.61517,1.10048,2.98e-06,2.98e-06,2.98e-06
100,17112.3,1.12223,0.82967,1.25045,0.89177,0.7627,0.85351,0.57156,0.99884,1.61918,1.10053,1.99e-06,1.99e-06,1.99e-06
